{"LDO":{"tokenName":"LDO","tokenAddress":"0x5a98fcbea516cf06857215779fd812ca3bef1b32","decimals":18,"currentPrice":1149.91634,"lastPrice":0,"warningPrice":1150,"warningRange":0.5,"warningTone":"WoopWoop.mp3","updateTime":"2022-03-04 22:21:22","error":"","warningLowPrice":2000,"warningHighPrice":2500},"MPL":{"tokenName":"MPL","tokenAddress":"0x33349b282065b0284d756f0577fb39c158f935e6","decimals":18,"currentPrice":113.5615,"lastPrice":113.5615,"warningPrice":230,"warningRange":0.3,"warningTone":"WoopWoop.mp3","updateTime":"2022-03-04 22:21:41","error":"","warningLowPrice":200,"warningHighPrice":300},"DVF":{"tokenName":"DVF","tokenAddress":"0xdddddd4301a082e62e84e43f474f044423921918","decimals":18,"currentPrice":466.45237,"lastPrice":0,"warningPrice":520,"warningRange":0,"warningTone":"WoopWoop.mp3","updateTime":"2022-03-04 22:21:42","error":"2022-03-04 22:21:37。无法访问 1inch quote 接口。","warningLowPrice":980,"warningHighPrice":1110},"WBTC":{"tokenName":"WBTC","tokenAddress":"0x2260fac5e5542a773aa44fbcfedf7c193bc2c599","decimals":8,"currentPrice":0.06555,"lastPrice":0,"error":"","warningPrice":0,"warningRange":0,"warningTone":"WoopWoop.mp3","updateTime":"2022-03-04 22:21:17","warningLowPrice":33,"warningHighPrice":44}}