{"LDO":{"tokenName":"LDO","tokenAddress":"0x5a98fcbea516cf06857215779fd812ca3bef1b32","decimals":18,"currentPrice":1135.25053,"lastPrice":1135.25053,"warningPrice":1150,"warningRange":0.5,"warningTone":"WoopWoop.mp3","updateTime":"2022-01-13 20:04:04","error":"","warningLowPrice":2000,"warningHighPrice":2500},"MPL":{"tokenName":"MPL","tokenAddress":"0x33349b282065b0284d756f0577fb39c158f935e6","decimals":18,"currentPrice":238.94696,"lastPrice":238.94696,"warningPrice":230,"warningRange":0.3,"warningTone":"WoopWoop.mp3","updateTime":"2022-01-13 20:04:02","error":"","warningLowPrice":200,"warningHighPrice":300},"DVF":{"tokenName":"DVF","tokenAddress":"0xdddddd4301a082e62e84e43f474f044423921918","decimals":18,"currentPrice":530.41166,"lastPrice":530.41166,"warningPrice":520,"warningRange":0,"warningTone":"WoopWoop.mp3","updateTime":"2022-01-13 20:04:02","error":"","warningLowPrice":11,"warningHighPrice":22},"WBTC":{"tokenName":"WBTC","tokenAddress":"0x2260fac5e5542a773aa44fbcfedf7c193bc2c599","decimals":8,"currentPrice":0.0765,"lastPrice":0.0765,"error":"","warningPrice":0,"warningRange":0,"warningTone":"WoopWoop.mp3","updateTime":"2022-01-13 20:04:02","warningLowPrice":33,"warningHighPrice":44}}